{
  "origin" : {
    "x" : 900000,
    "y" : 5500000,
    "spatialReference" : {
      "wkid" : 3035,
      "latestWkid" : 3035
    }
  },
  "extent" : {
    "xmin" : 900000,
    "ymin" : 900000,
    "xmax" : 7400000,
    "ymax" : 5500000,
    "spatialReference" : {
      "wkid" : 3035,
      "latestWkid" : 3035
    }
  },
  "geodataXform" : {
    "spatialReference" : {
      "wkid" : 3035,
      "latestWkid" : 3035
    },
    "type" : "IdentityXform"
  },
  "LODInfos" : {
    "resolutions" : [
      25600,
      12800,
      6400,
      3200,
      1600,
      800,
      400,
      200,
      100
    ],
    "levels" : [
      0,
      1,
      2,
      3,
      4,
      5,
      6,
      7,
      8
    ],
    "scales" : [
      96755712,
      48377856,
      24188928,
      12094464,
      6047232,
      3023616,
      1511808,
      755904,
      377952
    ],
    "dpi" : 96,
    "type" : "RasterLODInfos"
  },
  "blockWidth" : 256,
  "blockHeight" : 256,
  "bandCount" : 1,
  "pixelType" : 9,
  "pixelSizeX" : 100,
  "pixelSizeY" : 100,
  "format" : "Cache/LERC2D",
  "compressionType" : "LERC",
  "firstPyramidLevel" : 1,
  "maximumPyramidLevel" : 8,
  "packetSize" : 16,
  "compressionQuality" : 0,
  "pyramidResamplingType" : 0,
  "LERCError" : 0,
  "properties" : {
    "KIND" : "IMAGE",
    "BAND_COUNT" : "1",
    "HAS_TABLE" : "0",
    "HAS_XFORM" : "0",
    "BandProperties" : [
      {
        "NoData" : "3.4e+38",
        "type" : "PropertySet"
      }
    ],
    "DataType" : "Generic",
    "ComputeChangeParameters" : {
      "Method" : "0",
      "type" : "PropertySet"
    },
    "type" : "PropertySet"
  },
  "statistics" : [
    {
      "min" : -43,
      "max" : 43,
      "mean" : -0.10867806052363455,
      "standardDeviation" : 3.1456953736443816,
      "sum" : -79661922.999999925,
      "median" : -0.50588235294117112,
      "mode" : -0.50588235294117112,
      "skipX" : 1,
      "skipY" : 1,
      "count" : 733008324
    }
  ],
  "histograms" : [
    {
      "size" : 256,
      "min" : -43,
      "max" : 43,
      "counts" : [
        833,
        22,
        5665,
        201,
        785,
        2071,
        40,
        329,
        651,
        968,
        3727,
        8862,
        1058,
        2847,
        3738,
        402,
        1506,
        1480,
        152,
        686,
        808,
        123,
        2591,
        1408,
        305,
        2512,
        3434,
        1743,
        5427,
        5453,
        955,
        3272,
        2734,
        104,
        1038,
        2060,
        2238,
        6567,
        11008,
        8042,
        21662,
        6656,
        4106,
        16261,
        7007,
        4607,
        26273,
        18807,
        4164,
        33835,
        19675,
        5888,
        28637,
        17129,
        4783,
        66853,
        20655,
        19532,
        113598,
        60874,
        34030,
        100643,
        25487,
        40747,
        83364,
        25630,
        27918,
        160561,
        68220,
        76021,
        261893,
        74736,
        110620,
        1144298,
        179449,
        106954,
        443968,
        88317,
        110936,
        522379,
        106228,
        10568,
        195803,
        57735,
        84020,
        779972,
        47712,
        185121,
        291099,
        287866,
        316612,
        272869,
        212772,
        576689,
        641535,
        156057,
        744984,
        659331,
        315382,
        1810970,
        1999480,
        1241743,
        2883076,
        3103798,
        264618,
        556762,
        939921,
        1165763,
        4486209,
        2702372,
        2898781,
        4334590,
        2968789,
        1758461,
        2241939,
        2195839,
        706632,
        3855694,
        1625749,
        1586503,
        3592871,
        2176354,
        1851297,
        9921908,
        12418257,
        65880637,
        295694564,
        223508304,
        3429467,
        6654013,
        2719348,
        495714,
        2658190,
        1544516,
        416682,
        2485045,
        1687380,
        512784,
        3009453,
        1254220,
        2701482,
        5088632,
        968044,
        764805,
        6323291,
        2329313,
        239279,
        1147764,
        375934,
        237126,
        3197273,
        586866,
        552674,
        2933106,
        423377,
        86130,
        866969,
        127865,
        211749,
        1175615,
        144994,
        115656,
        636192,
        91562,
        40918,
        307013,
        116723,
        163555,
        353980,
        125553,
        99249,
        83796,
        105316,
        197219,
        250046,
        71196,
        335820,
        341672,
        63243,
        165019,
        197325,
        31989,
        98692,
        122886,
        38787,
        73467,
        94662,
        8693,
        55112,
        48858,
        17214,
        59255,
        54376,
        21725,
        59300,
        48791,
        5244,
        22765,
        12308,
        706,
        11275,
        14650,
        2514,
        14873,
        10569,
        3901,
        23360,
        15934,
        2167,
        16778,
        19688,
        7777,
        57436,
        20228,
        745,
        9719,
        2730,
        311,
        1105,
        1158,
        538,
        4318,
        2504,
        467,
        2542,
        2513,
        10463,
        28921,
        3151,
        579,
        639,
        918,
        119,
        1642,
        276,
        784,
        1732,
        997,
        1524,
        5776,
        682,
        272,
        4905,
        4645,
        0,
        388,
        295,
        0,
        525,
        734,
        0,
        2,
        3851,
        0,
        0,
        467
      ]
    }
  ],
  "type" : "RasterInfo"
}